number,Single Thread,ThreadPoolExecutor,multiprocessing_Pool,multiprocessing_Process_Queue
10,1.2799999240087345e-05,0.0016660999990563141,0.8932001999983186,0.8619419999995444
100,0.000269900001512724,0.1993674999994255,0.841284000000087,0.8183900000003632
1000,0.002548899999965215,0.21428519999972195,0.8621944999995321,0.8312927000006312
10000,0.024191399999835994,0.5058535000007396,0.8443509999997332,1.0782173000006878
100000,0.16542389999995066,2.3652805000001536,0.8709159999998519,3.5624750000006316
1000000,1.492039200000363,24.697225200001412,1.1139646000010544,28.422951799999282
