number,Single Thread,ThreadPoolExecutor,multiprocessing_Pool,multiprocessing_Process_Queue
10,8.899998647393659e-06,0.0022332000007736497,0.8525594000020646,0.8733232999984466
100,0.00025800000003073364,0.17592660000082105,0.8962437000009231,0.8648993999995582
1000,0.0022592999994230922,0.20503150000149617,0.8834893000021111,0.9078191000007791
10000,0.02123849999770755,0.45341629999893485,0.8791973000006692,1.1828602999994473
100000,0.18228420000014012,2.589294199999131,0.9367672999978822,3.646360900002037
1000000,1.4877006999995501,22.007896700000856,1.2074665000000095,28.574566799998138
